Year,Brand,Model,Units Sold,Revenue,Region,Customer Rating
2019,Apple,iPhone 11,1772,1972236.00,India,3.9
2019,Apple,iPhone 11,1905,1788795.00,USA,4.2
2019,Apple,iPhone 11,877,1290944.00,Europe,4.0
2019,Apple,iPhone 11,1297,1893620.00,Asia,3.7
2019,Apple,iPhone 12,3931,4556029.00,India,4.6
2019,Apple,iPhone 12,3683,4872609.00,USA,4.9
2019,Apple,iPhone 12,3624,3620376.00,Europe,4.5
2019,Apple,iPhone 12,4167,5933808.00,Asia,3.9
2019,Apple,iPhone 13,3377,5051992.00,India,4.1
2019,Apple,iPhone 13,3824,3506608.00,USA,3.7
2019,Apple,iPhone 13,4188,4275948.00,Europe,4.9
2019,Apple,iPhone 13,4773,6658335.00,Asia,4.6
2019,Apple,iPhone 14,8274,11633244.00,India,4.8
2019,Apple,iPhone 14,4158,5106024.00,USA,4.1
2019,Apple,iPhone 14,8968,12169576.00,Europe,4.0
2019,Apple,iPhone 14,5133,3931878.00,Asia,4.3
2019,Apple,iPhone 15,7592,7030192.00,India,4.9
2019,Apple,iPhone 15,4838,7092508.00,USA,3.8
2019,Apple,iPhone 15,10656,15451200.00,Europe,3.7
2019,Apple,iPhone 15,4914,3960684.00,Asia,3.5
2019,Samsung,Galaxy S10,2393,2862028.00,India,3.9
2019,Samsung,Galaxy S10,1981,1388681.00,USA,4.5
2019,Samsung,Galaxy S10,1835,2183650.00,Europe,4.2
2019,Samsung,Galaxy S10,1713,1516005.00,Asia,3.9
2019,Samsung,Galaxy S20,5992,4356184.00,India,4.6
2019,Samsung,Galaxy S20,2964,2039232.00,USA,4.7
2019,Samsung,Galaxy S20,4412,5735600.00,Europe,4.4
2019,Samsung,Galaxy S20,1795,1177520.00,Asia,3.7
2019,Samsung,Galaxy S21,7895,6284420.00,India,4.4
2019,Samsung,Galaxy S21,2858,2429300.00,USA,3.7
2019,Samsung,Galaxy S21,7670,8383310.00,Europe,3.5
2019,Samsung,Galaxy S21,4673,5285163.00,Asia,4.2
2019,Samsung,Galaxy S22,4807,4369563.00,India,4.8
2019,Samsung,Galaxy S22,5729,6244610.00,USA,3.6
2019,Samsung,Galaxy S22,7837,8197502.00,Europe,4.7
2019,Samsung,Galaxy S22,6191,6469595.00,Asia,4.0
2019,Samsung,Galaxy S23,6925,6551050.00,India,4.2
2019,Samsung,Galaxy S23,6353,7833249.00,USA,5.0
2019,Samsung,Galaxy S23,9559,7178809.00,Europe,3.8
2019,Samsung,Galaxy S23,7937,6047994.00,Asia,3.5
2019,OnePlus,OnePlus 7T,944,710832.00,India,3.8
2019,OnePlus,OnePlus 7T,626,445086.00,USA,4.1
2019,OnePlus,OnePlus 7T,992,792608.00,Europe,4.2
2019,OnePlus,OnePlus 7T,778,697088.00,Asia,4.7
2019,OnePlus,OnePlus 8,666,528138.00,India,4.1
2019,OnePlus,OnePlus 8,686,402682.00,USA,4.6
2019,OnePlus,OnePlus 8,1153,729849.00,Europe,4.6
2019,OnePlus,OnePlus 8,1219,919126.00,Asia,4.5
2019,OnePlus,OnePlus 9,1211,830746.00,India,4.4
2019,OnePlus,OnePlus 9,1467,1000494.00,USA,4.3
2019,OnePlus,OnePlus 9,2187,1331883.00,Europe,4.3
2019,OnePlus,OnePlus 9,2939,2492272.00,Asia,3.7
2019,OnePlus,OnePlus 10,2673,2328183.00,India,3.9
2019,OnePlus,OnePlus 10,2711,1558825.00,USA,4.9
2019,OnePlus,OnePlus 10,1457,1216595.00,Europe,4.4
2019,OnePlus,OnePlus 10,1469,1145820.00,Asia,4.0
2019,OnePlus,OnePlus 11,4038,3626124.00,India,4.7
2019,OnePlus,OnePlus 11,1766,1379246.00,USA,4.0
2019,OnePlus,OnePlus 11,2318,1782542.00,Europe,4.0
2019,OnePlus,OnePlus 11,1661,1069684.00,Asia,4.2
2019,Xiaomi,Mi 9,1533,1002582.00,India,3.9
2019,Xiaomi,Mi 9,1802,1272212.00,USA,4.1
2019,Xiaomi,Mi 9,1437,754425.00,Europe,4.7
2019,Xiaomi,Mi 9,1177,800360.00,Asia,3.8
2019,Xiaomi,Mi 10,5783,2723793.00,India,3.7
2019,Xiaomi,Mi 10,3426,2733948.00,USA,4.8
2019,Xiaomi,Mi 10,3547,1745124.00,Europe,4.3
2019,Xiaomi,Mi 10,2888,1724136.00,Asia,3.6
2019,Xiaomi,Mi 11,3647,2596664.00,India,4.7
2019,Xiaomi,Mi 11,5954,2869828.00,USA,4.4
2019,Xiaomi,Mi 11,7075,4181325.00,Europe,4.9
2019,Xiaomi,Mi 11,5422,2927880.00,Asia,4.3
2019,Xiaomi,Xiaomi 12,4154,2538094.00,India,4.5
2019,Xiaomi,Xiaomi 12,7936,6031360.00,USA,4.7
2019,Xiaomi,Xiaomi 12,9891,6488496.00,Europe,3.6
2019,Xiaomi,Xiaomi 12,9455,5540630.00,Asia,3.5
2019,Xiaomi,Xiaomi 13,6075,2642625.00,India,3.7
2019,Xiaomi,Xiaomi 13,12792,5436600.00,USA,4.4
2019,Xiaomi,Xiaomi 13,12444,7677948.00,Europe,4.3
2019,Xiaomi,Xiaomi 13,5469,2636058.00,Asia,4.8
2019,Realme,Realme X2,952,598808.00,India,4.1
2019,Realme,Realme X2,1657,1154929.00,USA,3.8
2019,Realme,Realme X2,1647,1034316.00,Europe,4.8
2019,Realme,Realme X2,1247,377841.00,Asia,4.5
2019,Realme,Realme X50,3108,1597512.00,India,4.2
2019,Realme,Realme X50,3505,2022385.00,USA,3.8
2019,Realme,Realme X50,2430,1346220.00,Europe,4.5
2019,Realme,Realme X50,1656,1094616.00,Asia,3.9
2019,Realme,Realme GT,4179,2156364.00,India,5.0
2019,Realme,Realme GT,5363,2783397.00,USA,4.3
2019,Realme,Realme GT,2685,1777470.00,Europe,4.8
2019,Realme,Realme GT,2951,1912248.00,Asia,3.5
2019,Realme,Realme GT 2,8219,3484856.00,India,3.8
2019,Realme,Realme GT 2,3803,2567025.00,USA,4.3
2019,Realme,Realme GT 2,5974,2473236.00,Europe,3.5
2019,Realme,Realme GT 2,6423,3487689.00,Asia,4.5
2019,Realme,Realme GT 3,10201,3672360.00,India,3.9
2019,Realme,Realme GT 3,6720,2748480.00,USA,4.3
2019,Realme,Realme GT 3,5851,2106360.00,Europe,4.9
2019,Realme,Realme GT 3,4098,1393320.00,Asia,4.0
2019,Vivo,Vivo V17,1419,620103.00,India,4.4
2019,Vivo,Vivo V17,958,573842.00,USA,4.3
2019,Vivo,Vivo V17,866,305698.00,Europe,4.3
2019,Vivo,Vivo V17,1235,391495.00,Asia,4.2
2019,Vivo,Vivo V20,1349,801306.00,India,4.8
2019,Vivo,Vivo V20,1383,550434.00,USA,3.8
2019,Vivo,Vivo V20,3466,1629020.00,Europe,4.8
2019,Vivo,Vivo V20,1585,821030.00,Asia,3.9
2019,Vivo,Vivo V23,2186,1272252.00,India,4.1
2019,Vivo,Vivo V23,1723,778796.00,USA,4.9
2019,Vivo,Vivo V23,4870,2800250.00,Europe,4.4
2019,Vivo,Vivo V23,3056,1723584.00,Asia,4.2
2019,Vivo,Vivo V27,3956,1942396.00,India,4.5
2019,Vivo,Vivo V27,3711,1803546.00,USA,4.0
2019,Vivo,Vivo V27,5350,1690600.00,Europe,4.7
2019,Vivo,Vivo V27,3103,1610457.00,Asia,3.8
2019,Vivo,Vivo V29,5169,2517303.00,India,4.5
2019,Vivo,Vivo V29,3812,1822136.00,USA,3.8
2019,Vivo,Vivo V29,2493,1067004.00,Europe,4.6
2019,Vivo,Vivo V29,8806,3046876.00,Asia,4.6
2019,Oppo,Oppo Reno 2,750,321000.00,India,4.7
2019,Oppo,Oppo Reno 2,1557,839223.00,USA,5.0
2019,Oppo,Oppo Reno 2,1005,646215.00,Europe,4.8
2019,Oppo,Oppo Reno 2,709,310542.00,Asia,4.7
2019,Oppo,Oppo Reno 5,2252,1085464.00,India,4.3
2019,Oppo,Oppo Reno 5,2368,1089280.00,USA,4.3
2019,Oppo,Oppo Reno 5,1244,872044.00,Europe,4.7
2019,Oppo,Oppo Reno 5,2625,1141875.00,Asia,4.1
2019,Oppo,Oppo Reno 7,2599,1730934.00,India,4.4
2019,Oppo,Oppo Reno 7,1677,1086696.00,USA,3.9
2019,Oppo,Oppo Reno 7,3590,1730380.00,Europe,3.9
2019,Oppo,Oppo Reno 7,3848,2531984.00,Asia,4.3
2019,Oppo,Oppo Reno 8,5931,4062735.00,India,4.3
2019,Oppo,Oppo Reno 8,4254,2241858.00,USA,4.3
2019,Oppo,Oppo Reno 8,3075,1537500.00,Europe,4.4
2019,Oppo,Oppo Reno 8,4778,2718682.00,Asia,4.8
2019,Oppo,Oppo Reno 10,5476,3247268.00,India,4.5
2019,Oppo,Oppo Reno 10,2283,1442856.00,USA,3.7
2019,Oppo,Oppo Reno 10,3401,2309279.00,Europe,3.9
2019,Oppo,Oppo Reno 10,4785,2995410.00,Asia,3.6
2020,Apple,iPhone 11,1536,1165824.00,India,4.3
2020,Apple,iPhone 11,1363,1969535.00,USA,4.8
2020,Apple,iPhone 11,1270,1751330.00,Europe,3.7
2020,Apple,iPhone 11,2012,2947580.00,Asia,4.2
2020,Apple,iPhone 12,2495,2677135.00,India,4.5
2020,Apple,iPhone 12,2136,1815600.00,USA,3.9
2020,Apple,iPhone 12,2061,2673117.00,Europe,4.5
2020,Apple,iPhone 12,4012,5705064.00,Asia,4.8
2020,Apple,iPhone 13,3236,2702060.00,India,4.4
2020,Apple,iPhone 13,7875,8646750.00,USA,3.9
2020,Apple,iPhone 13,8818,10458148.00,Europe,4.4
2020,Apple,iPhone 13,6839,7796460.00,Asia,4.2
2020,Apple,iPhone 14,8674,12022164.00,India,4.5
2020,Apple,iPhone 14,8065,11073245.00,USA,4.3
2020,Apple,iPhone 14,8667,10435068.00,Europe,4.6
2020,Apple,iPhone 14,4539,3653895.00,Asia,4.2
2020,Apple,iPhone 15,5804,6163848.00,India,4.8
2020,Apple,iPhone 15,6814,9301110.00,USA,3.9
2020,Apple,iPhone 15,5856,7003776.00,Europe,4.1
2020,Apple,iPhone 15,14205,16264725.00,Asia,4.4
2020,Samsung,Galaxy S10,1927,1574359.00,India,4.3
2020,Samsung,Galaxy S10,3507,2318127.00,USA,4.4
2020,Samsung,Galaxy S10,2184,1592136.00,Europe,4.7
2020,Samsung,Galaxy S10,1703,2118532.00,Asia,4.4
2020,Samsung,Galaxy S20,4340,3142160.00,India,3.6
2020,Samsung,Galaxy S20,4504,4571560.00,USA,4.8
2020,Samsung,Galaxy S20,5005,3718715.00,Europe,3.6
2020,Samsung,Galaxy S20,5056,5495872.00,Asia,3.7
2020,Samsung,Galaxy S21,7480,5535200.00,India,3.5
2020,Samsung,Galaxy S21,3414,4059246.00,USA,4.4
2020,Samsung,Galaxy S21,4967,6283255.00,Europe,4.1
2020,Samsung,Galaxy S21,7388,5171600.00,Asia,4.6
2020,Samsung,Galaxy S22,5094,5944698.00,India,5.0
2020,Samsung,Galaxy S22,12015,13408740.00,USA,4.9
2020,Samsung,Galaxy S22,5304,5632848.00,Europe,4.3
2020,Samsung,Galaxy S22,8746,9830504.00,Asia,4.6
2020,Samsung,Galaxy S23,12190,8264820.00,India,4.8
2020,Samsung,Galaxy S23,8879,8683662.00,USA,4.7
2020,Samsung,Galaxy S23,13108,10014512.00,Europe,4.0
2020,Samsung,Galaxy S23,11772,7581168.00,Asia,4.6
2020,OnePlus,OnePlus 7T,1115,871930.00,India,4.6
2020,OnePlus,OnePlus 7T,587,349265.00,USA,3.9
2020,OnePlus,OnePlus 7T,443,278204.00,Europe,4.1
2020,OnePlus,OnePlus 7T,378,207900.00,Asia,4.0
2020,OnePlus,OnePlus 8,820,738000.00,India,3.9
2020,OnePlus,OnePlus 8,1997,1491759.00,USA,4.2
2020,OnePlus,OnePlus 8,649,403029.00,Europe,4.8
2020,OnePlus,OnePlus 8,1450,835200.00,Asia,4.1
2020,OnePlus,OnePlus 9,1205,720590.00,India,4.2
2020,OnePlus,OnePlus 9,1998,1390608.00,USA,3.7
2020,OnePlus,OnePlus 9,3715,2645080.00,Europe,3.8
2020,OnePlus,OnePlus 9,2429,2052505.00,Asia,4.6
2020,OnePlus,OnePlus 10,4001,3380845.00,India,3.6
2020,OnePlus,OnePlus 10,2382,1967532.00,USA,3.8
2020,OnePlus,OnePlus 10,4714,2715264.00,Europe,4.7
2020,OnePlus,OnePlus 10,4062,3217104.00,Asia,4.7
2020,OnePlus,OnePlus 11,4999,2714457.00,India,4.6
2020,OnePlus,OnePlus 11,6179,4201720.00,USA,4.3
2020,OnePlus,OnePlus 11,5143,3121801.00,Europe,3.7
2020,OnePlus,OnePlus 11,2220,1274280.00,Asia,4.4
2020,Xiaomi,Mi 9,3368,1707576.00,India,4.5
2020,Xiaomi,Mi 9,1446,822774.00,USA,4.3
2020,Xiaomi,Mi 9,1575,894600.00,Europe,4.2
2020,Xiaomi,Mi 9,1327,918284.00,Asia,4.7
2020,Xiaomi,Mi 10,4487,2714635.00,India,4.7
2020,Xiaomi,Mi 10,4148,2173552.00,USA,3.8
2020,Xiaomi,Mi 10,2333,1154835.00,Europe,3.9
2020,Xiaomi,Mi 10,5291,2412696.00,Asia,4.4
2020,Xiaomi,Mi 11,3997,2665999.00,India,3.9
2020,Xiaomi,Mi 11,7720,5797720.00,USA,3.6
2020,Xiaomi,Mi 11,10085,4669355.00,Europe,3.8
2020,Xiaomi,Mi 11,9168,5097408.00,Asia,4.7
2020,Xiaomi,Xiaomi 12,6194,3041254.00,India,4.3
2020,Xiaomi,Xiaomi 12,10677,6609063.00,USA,4.4
2020,Xiaomi,Xiaomi 12,4322,2502438.00,Europe,4.5
2020,Xiaomi,Xiaomi 12,13307,10392767.00,Asia,4.3
2020,Xiaomi,Xiaomi 13,10749,6556890.00,India,4.3
2020,Xiaomi,Xiaomi 13,14331,8627262.00,USA,5.0
2020,Xiaomi,Xiaomi 13,4739,3563728.00,Europe,3.6
2020,Xiaomi,Xiaomi 13,11879,6082048.00,Asia,3.9
2020,Realme,Realme X2,1782,687852.00,India,4.6
2020,Realme,Realme X2,1917,1188540.00,USA,3.7
2020,Realme,Realme X2,850,443700.00,Europe,3.7
2020,Realme,Realme X2,1767,876432.00,Asia,4.4
2020,Realme,Realme X50,1818,850824.00,India,4.2
2020,Realme,Realme X50,3392,1712960.00,USA,4.6
2020,Realme,Realme X50,1840,811440.00,Europe,4.7
2020,Realme,Realme X50,2216,1110216.00,Asia,3.7
2020,Realme,Realme GT,4496,2535744.00,India,4.9
2020,Realme,Realme GT,4164,1378284.00,USA,3.8
2020,Realme,Realme GT,6439,3753937.00,Europe,4.0
2020,Realme,Realme GT,5890,3445650.00,Asia,3.8
2020,Realme,Realme GT 2,4172,1535296.00,India,3.8
2020,Realme,Realme GT 2,4526,2100064.00,USA,4.3
2020,Realme,Realme GT 2,2853,1940040.00,Europe,4.7
2020,Realme,Realme GT 2,2689,1355256.00,Asia,4.0
2020,Realme,Realme GT 3,6445,3957230.00,India,4.8
2020,Realme,Realme GT 3,8647,3398271.00,USA,5.0
2020,Realme,Realme GT 3,8393,4171321.00,Europe,4.2
2020,Realme,Realme GT 3,4154,2546402.00,Asia,4.8
2020,Vivo,Vivo V17,1700,666400.00,India,4.3
2020,Vivo,Vivo V17,1139,677705.00,USA,4.2
2020,Vivo,Vivo V17,886,331364.00,Europe,3.6
2020,Vivo,Vivo V17,1085,425320.00,Asia,4.4
2020,Vivo,Vivo V20,2340,833040.00,India,4.6
2020,Vivo,Vivo V20,3186,1599372.00,USA,3.8
2020,Vivo,Vivo V20,2550,1361700.00,Europe,4.4
2020,Vivo,Vivo V20,3327,1869774.00,Asia,4.9
2020,Vivo,Vivo V23,2421,871560.00,India,4.7
2020,Vivo,Vivo V23,4821,2010357.00,USA,4.6
2020,Vivo,Vivo V23,4973,1496873.00,Europe,4.0
2020,Vivo,Vivo V23,3976,2003904.00,Asia,4.4
2020,Vivo,Vivo V27,5611,2530561.00,India,3.8
2020,Vivo,Vivo V27,8767,4742947.00,USA,4.2
2020,Vivo,Vivo V27,4317,2378667.00,Europe,4.9
2020,Vivo,Vivo V27,7349,3262956.00,Asia,4.2
2020,Vivo,Vivo V29,4684,2627724.00,India,4.4
2020,Vivo,Vivo V29,9920,3273600.00,USA,3.8
2020,Vivo,Vivo V29,6427,2268731.00,Europe,4.6
2020,Vivo,Vivo V29,7758,3995370.00,Asia,3.6
2020,Oppo,Oppo Reno 2,600,279600.00,India,4.6
2020,Oppo,Oppo Reno 2,575,290375.00,USA,4.2
2020,Oppo,Oppo Reno 2,1256,894272.00,Europe,3.5
2020,Oppo,Oppo Reno 2,956,423508.00,Asia,4.5
2020,Oppo,Oppo Reno 5,2664,1731600.00,India,4.2
2020,Oppo,Oppo Reno 5,2705,1595950.00,USA,5.0
2020,Oppo,Oppo Reno 5,1964,793456.00,Europe,4.8
2020,Oppo,Oppo Reno 5,2553,1861137.00,Asia,4.6
2020,Oppo,Oppo Reno 7,4127,1815880.00,India,4.4
2020,Oppo,Oppo Reno 7,3883,2912250.00,USA,4.3
2020,Oppo,Oppo Reno 7,3508,2171452.00,Europe,3.6
2020,Oppo,Oppo Reno 7,3148,1473264.00,Asia,4.7
2020,Oppo,Oppo Reno 8,5079,2117943.00,India,4.7
2020,Oppo,Oppo Reno 8,7717,4962031.00,USA,4.0
2020,Oppo,Oppo Reno 8,5240,2918680.00,Europe,4.0
2020,Oppo,Oppo Reno 8,3750,2587500.00,Asia,4.1
2020,Oppo,Oppo Reno 10,3769,2623224.00,India,4.5
2020,Oppo,Oppo Reno 10,3513,2557464.00,USA,3.5
2020,Oppo,Oppo Reno 10,4101,2940417.00,Europe,4.4
2020,Oppo,Oppo Reno 10,8450,3549000.00,Asia,3.9
2021,Apple,iPhone 11,2839,3071798.00,India,4.4
2021,Apple,iPhone 11,2233,1585430.00,USA,5.0
2021,Apple,iPhone 11,2697,3592404.00,Europe,4.4
2021,Apple,iPhone 11,2363,2781251.00,Asia,3.5
2021,Apple,iPhone 12,3929,3532171.00,India,3.9
2021,Apple,iPhone 12,7308,9916956.00,USA,4.9
2021,Apple,iPhone 12,6378,7564308.00,Europe,3.5
2021,Apple,iPhone 12,2939,4038186.00,Asia,4.9
2021,Apple,iPhone 13,8734,8934882.00,India,4.4
2021,Apple,iPhone 13,4352,5170176.00,USA,4.5
2021,Apple,iPhone 13,7603,8150416.00,Europe,4.7
2021,Apple,iPhone 13,5552,7173184.00,Asia,4.7
2021,Apple,iPhone 14,12192,14191488.00,India,3.8
2021,Apple,iPhone 14,7698,9075942.00,USA,4.2
2021,Apple,iPhone 14,6689,4802702.00,Europe,5.0
2021,Apple,iPhone 14,13525,14647575.00,Asia,3.9
2021,Apple,iPhone 15,11454,15291090.00,India,3.8
2021,Apple,iPhone 15,10133,10882842.00,USA,4.6
2021,Apple,iPhone 15,14887,12311549.00,Europe,4.9
2021,Apple,iPhone 15,8657,8838797.00,Asia,3.6
2021,Samsung,Galaxy S10,4073,3641262.00,India,4.4
2021,Samsung,Galaxy S10,1867,1822192.00,USA,4.8
2021,Samsung,Galaxy S10,2053,2018099.00,Europe,4.2
2021,Samsung,Galaxy S10,3213,3881304.00,Asia,3.6
2021,Samsung,Galaxy S20,7604,8273152.00,India,4.4
2021,Samsung,Galaxy S20,5514,5938578.00,USA,5.0
2021,Samsung,Galaxy S20,4178,2678098.00,Europe,3.7
2021,Samsung,Galaxy S20,5788,6112128.00,Asia,4.9
2021,Samsung,Galaxy S21,5547,7072425.00,India,3.7
2021,Samsung,Galaxy S21,9139,8636355.00,USA,3.6
2021,Samsung,Galaxy S21,7041,8991357.00,Europe,4.6
2021,Samsung,Galaxy S21,9356,8626232.00,Asia,4.7
2021,Samsung,Galaxy S22,10409,8119020.00,India,5.0
2021,Samsung,Galaxy S22,6195,5482575.00,USA,3.8
2021,Samsung,Galaxy S22,5621,4429348.00,Europe,4.1
2021,Samsung,Galaxy S22,14496,11654784.00,Asia,4.5
2021,Samsung,Galaxy S23,8361,8988075.00,India,4.3
2021,Samsung,Galaxy S23,8152,7426472.00,USA,4.1
2021,Samsung,Galaxy S23,12512,15127008.00,Europe,4.2
2021,Samsung,Galaxy S23,5978,4943806.00,Asia,4.2
2021,OnePlus,OnePlus 7T,877,541109.00,India,4.4
2021,OnePlus,OnePlus 7T,564,483912.00,USA,4.0
2021,OnePlus,OnePlus 7T,616,401016.00,Europe,3.5
2021,OnePlus,OnePlus 7T,511,261121.00,Asia,4.6
2021,OnePlus,OnePlus 8,1848,1023792.00,India,4.2
2021,OnePlus,OnePlus 8,1966,1460738.00,USA,4.3
2021,OnePlus,OnePlus 8,1250,830000.00,Europe,4.3
2021,OnePlus,OnePlus 8,2220,1165500.00,Asia,4.3
2021,OnePlus,OnePlus 9,4257,3397086.00,India,3.8
2021,OnePlus,OnePlus 9,3946,2059812.00,USA,4.3
2021,OnePlus,OnePlus 9,1648,1204688.00,Europe,3.6
2021,OnePlus,OnePlus 9,1977,1636956.00,Asia,3.5
2021,OnePlus,OnePlus 10,4062,2575308.00,India,4.5
2021,OnePlus,OnePlus 10,5532,2992812.00,USA,3.8
2021,OnePlus,OnePlus 10,4909,2876674.00,Europe,3.6
2021,OnePlus,OnePlus 10,2557,1649265.00,Asia,4.1
2021,OnePlus,OnePlus 11,4582,3610616.00,India,4.3
2021,OnePlus,OnePlus 11,2675,1607675.00,USA,3.8
2021,OnePlus,OnePlus 11,5238,3635172.00,Europe,3.9
2021,OnePlus,OnePlus 11,3018,2679984.00,Asia,4.7
2021,Xiaomi,Mi 9,3212,1609212.00,India,3.8
2021,Xiaomi,Mi 9,1557,761373.00,USA,4.6
2021,Xiaomi,Mi 9,1118,637260.00,Europe,4.6
2021,Xiaomi,Mi 9,1623,861813.00,Asia,4.9
2021,Xiaomi,Mi 10,6519,3807096.00,India,3.8
2021,Xiaomi,Mi 10,6121,3348187.00,USA,4.2
2021,Xiaomi,Mi 10,7307,3470825.00,Europe,4.1
2021,Xiaomi,Mi 10,8942,4274276.00,Asia,4.8
2021,Xiaomi,Mi 11,10605,4273815.00,India,4.3
2021,Xiaomi,Mi 11,6921,3896523.00,USA,4.9
2021,Xiaomi,Mi 11,10660,5884320.00,Europe,3.6
2021,Xiaomi,Mi 11,7114,3393378.00,Asia,4.2
2021,Xiaomi,Xiaomi 12,8073,3955770.00,India,4.2
2021,Xiaomi,Xiaomi 12,8607,4578924.00,USA,5.0
2021,Xiaomi,Xiaomi 12,7739,4248711.00,Europe,4.3
2021,Xiaomi,Xiaomi 12,11746,7000616.00,Asia,4.0
2021,Xiaomi,Xiaomi 13,22344,10859184.00,India,3.9
2021,Xiaomi,Xiaomi 13,8544,4075488.00,USA,3.6
2021,Xiaomi,Xiaomi 13,17221,8042207.00,Europe,4.1
2021,Xiaomi,Xiaomi 13,14766,10395264.00,Asia,3.7
2021,Realme,Realme X2,2095,856855.00,India,3.7
2021,Realme,Realme X2,2278,947648.00,USA,4.4
2021,Realme,Realme X2,2770,1869750.00,Europe,3.8
2021,Realme,Realme X2,1195,506680.00,Asia,5.0
2021,Realme,Realme X50,4658,1467270.00,India,4.4
2021,Realme,Realme X50,2406,1419540.00,USA,4.8
2021,Realme,Realme X50,4018,1522822.00,Europe,3.8
2021,Realme,Realme X50,5448,3257904.00,Asia,3.8
2021,Realme,Realme GT,2668,1827580.00,India,5.0
2021,Realme,Realme GT,7810,2991230.00,USA,4.4
2021,Realme,Realme GT,7492,5184464.00,Europe,3.5
2021,Realme,Realme GT,7520,4218720.00,Asia,3.5
2021,Realme,Realme GT 2,3524,2251836.00,India,4.3
2021,Realme,Realme GT 2,4938,1871502.00,USA,4.3
2021,Realme,Realme GT 2,6607,4512581.00,Europe,3.8
2021,Realme,Realme GT 2,5839,2312244.00,Asia,3.8
2021,Realme,Realme GT 3,5365,2253300.00,India,4.5
2021,Realme,Realme GT 3,7285,4618690.00,USA,4.4
2021,Realme,Realme GT 3,9007,3521737.00,Europe,3.6
2021,Realme,Realme GT 3,8733,5100072.00,Asia,4.5
2021,Vivo,Vivo V17,1650,513150.00,India,3.7
2021,Vivo,Vivo V17,712,237096.00,USA,3.7
2021,Vivo,Vivo V17,2702,1121330.00,Europe,4.4
2021,Vivo,Vivo V17,1683,759033.00,Asia,3.8
2021,Vivo,Vivo V20,1677,716079.00,India,4.6
2021,Vivo,Vivo V20,2209,1137635.00,USA,3.9
2021,Vivo,Vivo V20,3295,1298230.00,Europe,3.9
2021,Vivo,Vivo V20,3132,1559736.00,Asia,4.3
2021,Vivo,Vivo V23,5194,2410016.00,India,4.5
2021,Vivo,Vivo V23,4755,2501130.00,USA,4.4
2021,Vivo,Vivo V23,3686,1647642.00,Europe,3.9
2021,Vivo,Vivo V23,3979,1229511.00,Asia,3.8
2021,Vivo,Vivo V27,7760,4244720.00,India,3.9
2021,Vivo,Vivo V27,6814,2146410.00,USA,4.9
2021,Vivo,Vivo V27,9926,4397218.00,Europe,5.0
2021,Vivo,Vivo V27,4532,2501664.00,Asia,4.5
2021,Vivo,Vivo V29,4518,2353878.00,India,4.5
2021,Vivo,Vivo V29,5516,3265472.00,USA,3.7
2021,Vivo,Vivo V29,13008,5944656.00,Europe,4.6
2021,Vivo,Vivo V29,4353,1728141.00,Asia,4.1
2021,Oppo,Oppo Reno 2,1724,793040.00,India,3.6
2021,Oppo,Oppo Reno 2,1412,725768.00,USA,3.5
2021,Oppo,Oppo Reno 2,1688,1257560.00,Europe,3.7
2021,Oppo,Oppo Reno 2,1247,700814.00,Asia,4.0
2021,Oppo,Oppo Reno 5,3938,1937496.00,India,4.2
2021,Oppo,Oppo Reno 5,1681,939679.00,USA,4.7
2021,Oppo,Oppo Reno 5,1557,962226.00,Europe,4.9
2021,Oppo,Oppo Reno 5,1801,963535.00,Asia,4.6
2021,Oppo,Oppo Reno 7,3540,1759380.00,India,3.7
2021,Oppo,Oppo Reno 7,2956,1504604.00,USA,3.6
2021,Oppo,Oppo Reno 7,2412,1550916.00,Europe,5.0
2021,Oppo,Oppo Reno 7,6800,4440400.00,Asia,4.9
2021,Oppo,Oppo Reno 8,7342,3289216.00,India,4.5
2021,Oppo,Oppo Reno 8,6989,3473533.00,USA,4.2
2021,Oppo,Oppo Reno 8,6059,3968645.00,Europe,4.5
2021,Oppo,Oppo Reno 8,4110,1935810.00,Asia,4.7
2021,Oppo,Oppo Reno 10,5007,2057877.00,India,4.6
2021,Oppo,Oppo Reno 10,9206,6398170.00,USA,3.6
2021,Oppo,Oppo Reno 10,6696,3890376.00,Europe,4.7
2021,Oppo,Oppo Reno 10,9337,6937391.00,Asia,3.8
2022,Apple,iPhone 11,3023,3567140.00,India,3.9
2022,Apple,iPhone 11,2532,2342100.00,USA,4.3
2022,Apple,iPhone 11,2346,2803470.00,Europe,4.4
2022,Apple,iPhone 11,2820,2907420.00,Asia,4.9
2022,Apple,iPhone 12,7226,5961450.00,India,4.3
2022,Apple,iPhone 12,3149,4717202.00,USA,4.0
2022,Apple,iPhone 12,6484,9032212.00,Europe,4.1
2022,Apple,iPhone 12,3486,2778342.00,Asia,4.4
2022,Apple,iPhone 13,7379,8198069.00,India,4.3
2022,Apple,iPhone 13,5667,7627782.00,USA,4.7
2022,Apple,iPhone 13,6114,8822502.00,Europe,3.6
2022,Apple,iPhone 13,9155,7781750.00,Asia,5.0
2022,Apple,iPhone 14,15632,16898192.00,India,3.5
2022,Apple,iPhone 14,11413,15829831.00,USA,4.8
2022,Apple,iPhone 14,4527,3798153.00,Europe,4.2
2022,Apple,iPhone 14,12818,14484340.00,Asia,3.6
2022,Apple,iPhone 15,9772,7436492.00,India,4.4
2022,Apple,iPhone 15,15365,22817025.00,USA,4.6
2022,Apple,iPhone 15,18912,23753472.00,Europe,3.8
2022,Apple,iPhone 15,6641,8998555.00,Asia,5.0
2022,Samsung,Galaxy S10,2098,1355308.00,India,3.7
2022,Samsung,Galaxy S10,2179,2028649.00,USA,4.7
2022,Samsung,Galaxy S10,2497,2951454.00,Europe,4.2
2022,Samsung,Galaxy S10,1973,1888161.00,Asia,3.6
2022,Samsung,Galaxy S20,6224,3883776.00,India,4.6
2022,Samsung,Galaxy S20,6450,3979650.00,USA,3.9
2022,Samsung,Galaxy S20,6582,8332812.00,Europe,4.8
2022,Samsung,Galaxy S20,5772,4057716.00,Asia,4.0
2022,Samsung,Galaxy S21,10174,11455924.00,India,4.8
2022,Samsung,Galaxy S21,9662,12492966.00,USA,4.7
2022,Samsung,Galaxy S21,7547,8324341.00,Europe,4.6
2022,Samsung,Galaxy S21,9309,6348738.00,Asia,4.7
2022,Samsung,Galaxy S22,11906,11894094.00,India,4.5
2022,Samsung,Galaxy S22,8796,9341352.00,USA,4.0
2022,Samsung,Galaxy S22,9847,12269362.00,Europe,4.0
2022,Samsung,Galaxy S22,7172,4919992.00,Asia,3.8
2022,Samsung,Galaxy S23,9608,11961960.00,India,3.9
2022,Samsung,Galaxy S23,11808,11064096.00,USA,3.6
2022,Samsung,Galaxy S23,13552,9432192.00,Europe,4.5
2022,Samsung,Galaxy S23,10960,12801280.00,Asia,4.7
2022,OnePlus,OnePlus 7T,1011,683436.00,India,4.8
2022,OnePlus,OnePlus 7T,850,578850.00,USA,4.7
2022,OnePlus,OnePlus 7T,1238,836888.00,Europe,4.0
2022,OnePlus,OnePlus 7T,918,746334.00,Asia,4.5
2022,OnePlus,OnePlus 8,1445,773075.00,India,3.9
2022,OnePlus,OnePlus 8,1089,817839.00,USA,4.0
2022,OnePlus,OnePlus 8,2405,1560845.00,Europe,4.9
2022,OnePlus,OnePlus 8,2774,1675496.00,Asia,3.8
2022,OnePlus,OnePlus 9,1690,1321580.00,India,3.6
2022,OnePlus,OnePlus 9,2670,2258820.00,USA,5.0
2022,OnePlus,OnePlus 9,1944,1559088.00,Europe,4.1
2022,OnePlus,OnePlus 9,4350,3040650.00,Asia,4.1
2022,OnePlus,OnePlus 10,3367,2993263.00,India,4.9
2022,OnePlus,OnePlus 10,2170,1629670.00,USA,4.6
2022,OnePlus,OnePlus 10,3274,2268882.00,Europe,4.8
2022,OnePlus,OnePlus 10,5670,3759210.00,Asia,4.7
2022,OnePlus,OnePlus 11,5424,3747984.00,India,4.0
2022,OnePlus,OnePlus 11,3984,3215088.00,USA,4.3
2022,OnePlus,OnePlus 11,5620,3175300.00,Europe,3.5
2022,OnePlus,OnePlus 11,4448,2490880.00,Asia,5.0
2022,Xiaomi,Mi 9,2183,1438597.00,India,3.6
2022,Xiaomi,Mi 9,4786,2574868.00,USA,4.0
2022,Xiaomi,Mi 9,1912,1168232.00,Europe,4.2
2022,Xiaomi,Mi 9,3184,2040944.00,Asia,4.1
2022,Xiaomi,Mi 10,6007,3454025.00,India,4.7
2022,Xiaomi,Mi 10,5769,3992148.00,USA,5.0
2022,Xiaomi,Mi 10,7803,6203385.00,Europe,4.4
2022,Xiaomi,Mi 10,8897,4146002.00,Asia,4.9
2022,Xiaomi,Mi 11,6439,2891111.00,India,4.9
2022,Xiaomi,Mi 11,8492,3982748.00,USA,4.7
2022,Xiaomi,Mi 11,13445,8483795.00,Europe,4.7
2022,Xiaomi,Mi 11,8045,4778730.00,Asia,3.8
2022,Xiaomi,Xiaomi 12,15392,10358816.00,India,4.8
2022,Xiaomi,Xiaomi 12,11487,4640748.00,USA,3.8
2022,Xiaomi,Xiaomi 12,17581,9862941.00,Europe,4.0
2022,Xiaomi,Xiaomi 12,13135,5884480.00,Asia,3.6
2022,Xiaomi,Xiaomi 13,11626,5964138.00,India,3.9
2022,Xiaomi,Xiaomi 13,14135,10700195.00,USA,4.6
2022,Xiaomi,Xiaomi 13,21752,10440960.00,Europe,3.9
2022,Xiaomi,Xiaomi 13,10318,4694690.00,Asia,5.0
2022,Realme,Realme X2,809,379421.00,India,4.3
2022,Realme,Realme X2,1095,536550.00,USA,4.9
2022,Realme,Realme X2,1448,1006360.00,Europe,4.3
2022,Realme,Realme X2,1418,568618.00,Asia,4.3
2022,Realme,Realme X50,2794,963930.00,India,4.0
2022,Realme,Realme X50,4886,2066778.00,USA,5.0
2022,Realme,Realme X50,3659,1163562.00,Europe,4.4
2022,Realme,Realme X50,2227,1166948.00,Asia,3.7
2022,Realme,Realme GT,7031,4795142.00,India,4.0
2022,Realme,Realme GT,4116,1815156.00,USA,3.9
2022,Realme,Realme GT,6754,2323376.00,Europe,4.6
2022,Realme,Realme GT,6744,4208256.00,Asia,3.9
2022,Realme,Realme GT 2,6563,3025543.00,India,3.7
2022,Realme,Realme GT 2,8925,3927000.00,USA,4.4
2022,Realme,Realme GT 2,10895,6744005.00,Europe,4.7
2022,Realme,Realme GT 2,8701,3584812.00,Asia,3.7
2022,Realme,Realme GT 3,5939,3100158.00,India,4.2
2022,Realme,Realme GT 3,5393,2146414.00,USA,4.4
2022,Realme,Realme GT 3,11157,6973125.00,Europe,4.0
2022,Realme,Realme GT 3,12266,7065216.00,Asia,4.8
2022,Vivo,Vivo V17,2108,1235288.00,India,4.7
2022,Vivo,Vivo V17,963,503649.00,USA,4.9
2022,Vivo,Vivo V17,1631,822024.00,Europe,3.5
2022,Vivo,Vivo V17,1943,680050.00,Asia,4.5
2022,Vivo,Vivo V20,2792,1356912.00,India,4.6
2022,Vivo,Vivo V20,3998,1535232.00,USA,4.3
2022,Vivo,Vivo V20,3573,1250550.00,Europe,4.2
2022,Vivo,Vivo V20,3002,1287858.00,Asia,4.7
2022,Vivo,Vivo V23,6252,3044724.00,India,3.7
2022,Vivo,Vivo V23,4594,1493050.00,USA,3.9
2022,Vivo,Vivo V23,3500,1711500.00,Europe,4.9
2022,Vivo,Vivo V23,4711,2105817.00,Asia,3.8
2022,Vivo,Vivo V27,9873,4511961.00,India,4.1
2022,Vivo,Vivo V27,5969,2674112.00,USA,3.6
2022,Vivo,Vivo V27,7751,4635098.00,Europe,4.0
2022,Vivo,Vivo V27,7571,3300956.00,Asia,4.4
2022,Vivo,Vivo V29,9969,5562702.00,India,3.9
2022,Vivo,Vivo V29,11795,4977490.00,USA,4.2
2022,Vivo,Vivo V29,9809,4600421.00,Europe,3.9
2022,Vivo,Vivo V29,11043,5422113.00,Asia,4.9
2022,Oppo,Oppo Reno 2,2526,1106388.00,India,3.6
2022,Oppo,Oppo Reno 2,1656,1000224.00,USA,3.6
2022,Oppo,Oppo Reno 2,886,415534.00,Europe,3.9
2022,Oppo,Oppo Reno 2,1213,574962.00,Asia,3.8
2022,Oppo,Oppo Reno 5,1430,636350.00,India,4.9
2022,Oppo,Oppo Reno 5,3358,1867048.00,USA,4.1
2022,Oppo,Oppo Reno 5,1413,941058.00,Europe,4.6
2022,Oppo,Oppo Reno 5,2945,2070335.00,Asia,4.1
2022,Oppo,Oppo Reno 7,4229,2867262.00,India,4.7
2022,Oppo,Oppo Reno 7,5722,3238652.00,USA,3.8
2022,Oppo,Oppo Reno 7,3908,1672624.00,Europe,4.7
2022,Oppo,Oppo Reno 7,4857,2132223.00,Asia,3.6
2022,Oppo,Oppo Reno 8,8578,4983818.00,India,4.9
2022,Oppo,Oppo Reno 8,4898,2600838.00,USA,4.9
2022,Oppo,Oppo Reno 8,8250,5494500.00,Europe,3.7
2022,Oppo,Oppo Reno 8,5054,3461990.00,Asia,4.7
2022,Oppo,Oppo Reno 10,3564,2209680.00,India,4.2
2022,Oppo,Oppo Reno 10,5810,3230360.00,USA,4.2
2022,Oppo,Oppo Reno 10,8335,5101020.00,Europe,4.1
2022,Oppo,Oppo Reno 10,9300,5301000.00,Asia,4.8
2023,Apple,iPhone 11,2375,2071000.00,India,3.8
2023,Apple,iPhone 11,3281,3402397.00,USA,5.0
2023,Apple,iPhone 11,3347,3112710.00,Europe,4.2
2023,Apple,iPhone 11,3475,2870350.00,Asia,3.5
2023,Apple,iPhone 12,4190,5074090.00,India,3.6
2023,Apple,iPhone 12,4179,3740205.00,USA,4.1
2023,Apple,iPhone 12,3304,3429552.00,Europe,3.8
2023,Apple,iPhone 12,8333,9124635.00,Asia,3.5
2023,Apple,iPhone 13,4278,3191388.00,India,4.5
2023,Apple,iPhone 13,6875,10312500.00,USA,4.7
2023,Apple,iPhone 13,13183,15397744.00,Europe,4.6
2023,Apple,iPhone 13,5818,6923420.00,Asia,4.8
2023,Apple,iPhone 14,16329,21342003.00,India,4.6
2023,Apple,iPhone 14,9361,8780618.00,USA,4.6
2023,Apple,iPhone 14,10674,11634660.00,Europe,4.8
2023,Apple,iPhone 14,4582,6511022.00,Asia,3.8
2023,Apple,iPhone 15,8418,11128596.00,India,4.1
2023,Apple,iPhone 15,13626,14293674.00,USA,3.6
2023,Apple,iPhone 15,14321,21252364.00,Europe,3.7
2023,Apple,iPhone 15,10017,7953498.00,Asia,4.3
2023,Samsung,Galaxy S10,3969,3278394.00,India,4.2
2023,Samsung,Galaxy S10,2694,2553912.00,USA,4.9
2023,Samsung,Galaxy S10,2391,1762167.00,Europe,4.8
2023,Samsung,Galaxy S10,3788,2503868.00,Asia,4.6
2023,Samsung,Galaxy S20,4189,4168055.00,India,4.6
2023,Samsung,Galaxy S20,7031,5870885.00,USA,4.6
2023,Samsung,Galaxy S20,6191,6327202.00,Europe,4.3
2023,Samsung,Galaxy S20,3313,2259466.00,Asia,4.1
2023,Samsung,Galaxy S21,11816,7243208.00,India,4.3
2023,Samsung,Galaxy S21,9873,7177671.00,USA,4.7
2023,Samsung,Galaxy S21,4886,3444630.00,Europe,5.0
2023,Samsung,Galaxy S21,6519,6968811.00,Asia,3.6
2023,Samsung,Galaxy S22,11605,13473405.00,India,4.5
2023,Samsung,Galaxy S22,11240,7485840.00,USA,4.2
2023,Samsung,Galaxy S22,5067,3415158.00,Europe,3.5
2023,Samsung,Galaxy S22,18774,13705020.00,Asia,4.9
2023,Samsung,Galaxy S23,21101,17070709.00,India,4.0
2023,Samsung,Galaxy S23,18658,21251462.00,USA,4.0
2023,Samsung,Galaxy S23,15716,16171764.00,Europe,4.2
2023,Samsung,Galaxy S23,7424,9190912.00,Asia,4.9
2023,OnePlus,OnePlus 7T,733,538022.00,India,4.2
2023,OnePlus,OnePlus 7T,1397,1123188.00,USA,4.5
2023,OnePlus,OnePlus 7T,1049,626253.00,Europe,4.1
2023,OnePlus,OnePlus 7T,1197,861840.00,Asia,4.9
2023,OnePlus,OnePlus 8,1626,1173972.00,India,3.9
2023,OnePlus,OnePlus 8,2910,1888590.00,USA,3.8
2023,OnePlus,OnePlus 8,2222,1259874.00,Europe,4.3
2023,OnePlus,OnePlus 8,2365,1220340.00,Asia,3.7
2023,OnePlus,OnePlus 9,2226,1168650.00,India,3.6
2023,OnePlus,OnePlus 9,2976,1612992.00,USA,4.2
2023,OnePlus,OnePlus 9,3511,3093191.00,Europe,3.9
2023,OnePlus,OnePlus 9,1694,1256948.00,Asia,4.1
2023,OnePlus,OnePlus 10,3249,2868867.00,India,4.6
2023,OnePlus,OnePlus 10,4486,2485244.00,USA,4.9
2023,OnePlus,OnePlus 10,3777,2118897.00,Europe,4.8
2023,OnePlus,OnePlus 10,3269,2572703.00,Asia,3.9
2023,OnePlus,OnePlus 11,4974,4138368.00,India,4.6
2023,OnePlus,OnePlus 11,3639,1921392.00,USA,4.1
2023,OnePlus,OnePlus 11,6315,4780455.00,Europe,4.8
2023,OnePlus,OnePlus 11,6833,5924211.00,Asia,4.7
2023,Xiaomi,Mi 9,2704,1806272.00,India,4.5
2023,Xiaomi,Mi 9,2213,1754909.00,USA,4.4
2023,Xiaomi,Mi 9,3273,2107812.00,Europe,4.9
2023,Xiaomi,Mi 9,2564,1153800.00,Asia,4.6
2023,Xiaomi,Mi 10,8863,5468471.00,India,3.9
2023,Xiaomi,Mi 10,5624,3723088.00,USA,3.6
2023,Xiaomi,Mi 10,4005,2230785.00,Europe,4.4
2023,Xiaomi,Mi 10,5477,2398926.00,Asia,3.6
2023,Xiaomi,Mi 11,9137,4577637.00,India,4.7
2023,Xiaomi,Mi 11,9738,4645026.00,USA,4.8
2023,Xiaomi,Mi 11,8381,3679259.00,Europe,3.5
2023,Xiaomi,Mi 11,14451,9653268.00,Asia,3.9
2023,Xiaomi,Xiaomi 12,6689,5257554.00,India,4.1
2023,Xiaomi,Xiaomi 12,6750,3348000.00,USA,4.4
2023,Xiaomi,Xiaomi 12,15563,6987787.00,Europe,4.7
2023,Xiaomi,Xiaomi 12,15558,7110006.00,Asia,4.5
2023,Xiaomi,Xiaomi 13,16564,7983848.00,India,4.4
2023,Xiaomi,Xiaomi 13,17475,12232500.00,USA,5.0
2023,Xiaomi,Xiaomi 13,16967,11910834.00,Europe,3.9
2023,Xiaomi,Xiaomi 13,10035,5810265.00,Asia,3.9
2023,Realme,Realme X2,2992,1487024.00,India,4.3
2023,Realme,Realme X2,3361,1851911.00,USA,4.3
2023,Realme,Realme X2,1929,871908.00,Europe,4.6
2023,Realme,Realme X2,957,461274.00,Asia,4.6
2023,Realme,Realme X50,5401,3543056.00,India,4.8
2023,Realme,Realme X50,5536,3615008.00,USA,3.8
2023,Realme,Realme X50,3422,1461194.00,Europe,4.1
2023,Realme,Realme X50,3204,1569960.00,Asia,5.0
2023,Realme,Realme GT,8201,5601283.00,India,3.5
2023,Realme,Realme GT,6849,2986164.00,USA,4.7
2023,Realme,Realme GT,6202,2505608.00,Europe,4.1
2023,Realme,Realme GT,4247,1847445.00,Asia,3.8
2023,Realme,Realme GT 2,6714,3303288.00,India,4.9
2023,Realme,Realme GT 2,8039,2572480.00,USA,4.0
2023,Realme,Realme GT 2,7395,2787915.00,Europe,3.7
2023,Realme,Realme GT 2,8218,3772062.00,Asia,3.6
2023,Realme,Realme GT 3,14884,7977824.00,India,4.9
2023,Realme,Realme GT 3,14536,10058912.00,USA,3.7
2023,Realme,Realme GT 3,5240,3170200.00,Europe,3.8
2023,Realme,Realme GT 3,12279,7023588.00,Asia,3.7
2023,Vivo,Vivo V17,1508,832416.00,India,3.9
2023,Vivo,Vivo V17,878,447780.00,USA,4.8
2023,Vivo,Vivo V17,1001,422422.00,Europe,3.8
2023,Vivo,Vivo V17,1289,765666.00,Asia,4.2
2023,Vivo,Vivo V20,4674,2042538.00,India,5.0
2023,Vivo,Vivo V20,2551,1255092.00,USA,4.6
2023,Vivo,Vivo V20,3131,1258662.00,Europe,4.8
2023,Vivo,Vivo V20,2286,832104.00,Asia,3.9
2023,Vivo,Vivo V23,5336,2876104.00,India,4.7
2023,Vivo,Vivo V23,2931,1661877.00,USA,4.3
2023,Vivo,Vivo V23,5999,1853691.00,Europe,4.7
2023,Vivo,Vivo V23,4788,2733948.00,Asia,4.4
2023,Vivo,Vivo V27,8503,3180122.00,India,4.9
2023,Vivo,Vivo V27,6779,2745495.00,USA,3.7
2023,Vivo,Vivo V27,7556,3861116.00,Europe,4.5
2023,Vivo,Vivo V27,6993,2776221.00,Asia,4.1
2023,Vivo,Vivo V29,9871,5725180.00,India,3.6
2023,Vivo,Vivo V29,9032,4263104.00,USA,4.4
2023,Vivo,Vivo V29,8248,3711600.00,Europe,4.8
2023,Vivo,Vivo V29,11517,5113548.00,Asia,3.8
2023,Oppo,Oppo Reno 2,1515,663570.00,India,3.9
2023,Oppo,Oppo Reno 2,726,346302.00,USA,4.0
2023,Oppo,Oppo Reno 2,1545,994980.00,Europe,4.5
2023,Oppo,Oppo Reno 2,1508,874640.00,Asia,3.7
2023,Oppo,Oppo Reno 5,1870,1340790.00,India,4.7
2023,Oppo,Oppo Reno 5,5027,2126421.00,USA,4.0
2023,Oppo,Oppo Reno 5,2947,1488235.00,Europe,3.9
2023,Oppo,Oppo Reno 5,2037,1499232.00,Asia,3.6
2023,Oppo,Oppo Reno 7,4149,1738431.00,India,3.8
2023,Oppo,Oppo Reno 7,3324,2207136.00,USA,4.8
2023,Oppo,Oppo Reno 7,2486,1091354.00,Europe,4.1
2023,Oppo,Oppo Reno 7,2628,1589940.00,Asia,4.4
2023,Oppo,Oppo Reno 8,5826,2668308.00,India,3.5
2023,Oppo,Oppo Reno 8,9042,5868258.00,USA,4.4
2023,Oppo,Oppo Reno 8,6075,4459050.00,Europe,4.5
2023,Oppo,Oppo Reno 8,4534,2062970.00,Asia,4.6
2023,Oppo,Oppo Reno 10,8937,4557870.00,India,3.6
2023,Oppo,Oppo Reno 10,9537,4711278.00,USA,4.2
2023,Oppo,Oppo Reno 10,13110,5296440.00,Europe,4.7
2023,Oppo,Oppo Reno 10,7163,4648787.00,Asia,4.7
2024,Apple,iPhone 11,2632,3876936.00,India,4.2
2024,Apple,iPhone 11,3221,4664008.00,USA,4.1
2024,Apple,iPhone 11,3281,3389273.00,Europe,3.6
2024,Apple,iPhone 11,2816,3787520.00,Asia,4.3
2024,Apple,iPhone 12,3599,2764032.00,India,4.0
2024,Apple,iPhone 12,5757,5826084.00,USA,3.9
2024,Apple,iPhone 12,9782,11552542.00,Europe,4.0
2024,Apple,iPhone 12,4267,5824455.00,Asia,4.2
2024,Apple,iPhone 13,7472,8406000.00,India,4.8
2024,Apple,iPhone 13,11990,14328050.00,USA,3.5
2024,Apple,iPhone 13,10127,8800363.00,Europe,3.9
2024,Apple,iPhone 13,13892,12405556.00,Asia,4.2
2024,Apple,iPhone 14,6252,8190120.00,India,4.9
2024,Apple,iPhone 14,9711,13265226.00,USA,4.7
2024,Apple,iPhone 14,7496,9077656.00,Europe,4.4
2024,Apple,iPhone 14,12888,13107096.00,Asia,4.8
2024,Apple,iPhone 15,17093,24682292.00,India,4.8
2024,Apple,iPhone 15,19283,28924500.00,USA,5.0
2024,Apple,iPhone 15,8296,6703168.00,Europe,4.6
2024,Apple,iPhone 15,13736,13378864.00,Asia,4.8
2024,Samsung,Galaxy S10,4746,5889786.00,India,3.5
2024,Samsung,Galaxy S10,3656,3158784.00,USA,3.9
2024,Samsung,Galaxy S10,1250,1177500.00,Europe,4.4
2024,Samsung,Galaxy S10,4088,3977624.00,Asia,4.9
2024,Samsung,Galaxy S20,7619,5759964.00,India,4.9
2024,Samsung,Galaxy S20,8437,7230509.00,USA,4.8
2024,Samsung,Galaxy S20,5339,3224756.00,Europe,4.8
2024,Samsung,Galaxy S20,3810,3585210.00,Asia,4.0
2024,Samsung,Galaxy S21,5678,4048414.00,India,4.4
2024,Samsung,Galaxy S21,7314,9383862.00,USA,3.6
2024,Samsung,Galaxy S21,5312,3665280.00,Europe,4.6
2024,Samsung,Galaxy S21,8622,10441242.00,Asia,3.6
2024,Samsung,Galaxy S22,21335,26668750.00,India,5.0
2024,Samsung,Galaxy S22,18890,22384650.00,USA,4.1
2024,Samsung,Galaxy S22,16827,18762105.00,Europe,3.8
2024,Samsung,Galaxy S22,21597,21942552.00,Asia,3.8
2024,Samsung,Galaxy S23,7973,7390971.00,India,3.9
2024,Samsung,Galaxy S23,20707,19133268.00,USA,4.3
2024,Samsung,Galaxy S23,19948,25074636.00,Europe,3.5
2024,Samsung,Galaxy S23,11385,12967515.00,Asia,3.7
2024,OnePlus,OnePlus 7T,889,499618.00,India,4.6
2024,OnePlus,OnePlus 7T,493,417571.00,USA,4.0
2024,OnePlus,OnePlus 7T,1686,1060494.00,Europe,5.0
2024,OnePlus,OnePlus 7T,1088,962880.00,Asia,4.3
2024,OnePlus,OnePlus 8,2084,1150368.00,India,5.0
2024,OnePlus,OnePlus 8,2440,1417640.00,USA,4.4
2024,OnePlus,OnePlus 8,2494,1770740.00,Europe,4.1
2024,OnePlus,OnePlus 8,1538,1361130.00,Asia,4.6
2024,OnePlus,OnePlus 9,3315,1922700.00,India,4.3
2024,OnePlus,OnePlus 9,2500,1537500.00,USA,4.5
2024,OnePlus,OnePlus 9,2506,2009812.00,Europe,4.9
2024,OnePlus,OnePlus 9,2302,1846204.00,Asia,4.0
2024,OnePlus,OnePlus 10,5250,2955750.00,India,4.2
2024,OnePlus,OnePlus 10,4592,2465904.00,USA,3.8
2024,OnePlus,OnePlus 10,5891,4706909.00,Europe,4.5
2024,OnePlus,OnePlus 10,5978,4537302.00,Asia,4.0
2024,OnePlus,OnePlus 11,2994,2580828.00,India,4.3
2024,OnePlus,OnePlus 11,6146,4609500.00,USA,4.6
2024,OnePlus,OnePlus 11,8468,4471104.00,Europe,4.6
2024,OnePlus,OnePlus 11,3819,3372177.00,Asia,4.8
2024,Xiaomi,Mi 9,2990,1820910.00,India,4.4
2024,Xiaomi,Mi 9,4291,1892331.00,USA,4.8
2024,Xiaomi,Mi 9,1718,1008466.00,Europe,3.8
2024,Xiaomi,Mi 9,3860,2404780.00,Asia,4.8
2024,Xiaomi,Mi 10,7592,5170152.00,India,4.0
2024,Xiaomi,Mi 10,3738,2597910.00,USA,4.8
2024,Xiaomi,Mi 10,4240,2103040.00,Europe,4.3
2024,Xiaomi,Mi 10,6725,5010125.00,Asia,3.5
2024,Xiaomi,Mi 11,9241,3853497.00,India,4.9
2024,Xiaomi,Mi 11,5937,3158484.00,USA,3.8
2024,Xiaomi,Mi 11,7196,4540676.00,Europe,4.8
2024,Xiaomi,Mi 11,16704,12360960.00,Asia,3.8
2024,Xiaomi,Xiaomi 12,14897,8908406.00,India,4.1
2024,Xiaomi,Xiaomi 12,9067,5059386.00,USA,3.6
2024,Xiaomi,Xiaomi 12,6973,4274449.00,Europe,3.9
2024,Xiaomi,Xiaomi 12,22427,14129010.00,Asia,4.7
2024,Xiaomi,Xiaomi 13,8635,5845895.00,India,4.4
2024,Xiaomi,Xiaomi 13,24174,15833970.00,USA,4.8
2024,Xiaomi,Xiaomi 13,11775,8737050.00,Europe,4.1
2024,Xiaomi,Xiaomi 13,7125,5564625.00,Asia,3.7
2024,Realme,Realme X2,1984,944384.00,India,3.5
2024,Realme,Realme X2,3160,1567360.00,USA,3.8
2024,Realme,Realme X2,1097,533142.00,Europe,3.5
2024,Realme,Realme X2,2562,1206702.00,Asia,4.7
2024,Realme,Realme X50,7041,3259983.00,India,3.9
2024,Realme,Realme X50,5298,3454296.00,USA,3.6
2024,Realme,Realme X50,5746,3447600.00,Europe,5.0
2024,Realme,Realme X50,5349,1818660.00,Asia,4.7
2024,Realme,Realme GT,8287,4574424.00,India,4.9
2024,Realme,Realme GT,3321,1773414.00,USA,3.7
2024,Realme,Realme GT,7996,2910544.00,Europe,4.7
2024,Realme,Realme GT,6023,2626028.00,Asia,4.4
2024,Realme,Realme GT 2,12744,8882568.00,India,4.1
2024,Realme,Realme GT 2,5178,1605180.00,USA,3.6
2024,Realme,Realme GT 2,8475,5017200.00,Europe,4.5
2024,Realme,Realme GT 2,7205,2701875.00,Asia,3.9
2024,Realme,Realme GT 3,5295,2959905.00,India,4.7
2024,Realme,Realme GT 3,13875,4731375.00,USA,4.2
2024,Realme,Realme GT 3,16235,5243905.00,Europe,4.3
2024,Realme,Realme GT 3,8119,4773972.00,Asia,3.8
2024,Vivo,Vivo V17,2132,1023360.00,India,4.9
2024,Vivo,Vivo V17,1134,471744.00,USA,4.2
2024,Vivo,Vivo V17,1784,560176.00,Europe,4.2
2024,Vivo,Vivo V17,2700,1279800.00,Asia,4.9
2024,Vivo,Vivo V20,3546,1180818.00,India,4.6
2024,Vivo,Vivo V20,2525,1277650.00,USA,4.1
2024,Vivo,Vivo V20,1989,1087983.00,Europe,4.7
2024,Vivo,Vivo V20,4985,2592200.00,Asia,4.4
2024,Vivo,Vivo V23,7402,3205066.00,India,3.6
2024,Vivo,Vivo V23,3966,1396032.00,USA,3.9
2024,Vivo,Vivo V23,5347,2293863.00,Europe,4.7
2024,Vivo,Vivo V23,6877,2228148.00,Asia,3.8
2024,Vivo,Vivo V27,7882,3436552.00,India,3.9
2024,Vivo,Vivo V27,8936,3520784.00,USA,3.6
2024,Vivo,Vivo V27,7323,2306745.00,Europe,3.6
2024,Vivo,Vivo V27,5335,2011295.00,Asia,3.9
2024,Vivo,Vivo V29,7842,4289574.00,India,4.0
2024,Vivo,Vivo V29,8565,4779270.00,USA,4.6
2024,Vivo,Vivo V29,11084,6062948.00,Europe,4.9
2024,Vivo,Vivo V29,16124,5272548.00,Asia,4.3
2024,Oppo,Oppo Reno 2,1679,834463.00,India,3.8
2024,Oppo,Oppo Reno 2,1890,784350.00,USA,4.6
2024,Oppo,Oppo Reno 2,1692,1184400.00,Europe,4.7
2024,Oppo,Oppo Reno 2,1421,1044435.00,Asia,4.0
2024,Oppo,Oppo Reno 5,2574,1554696.00,India,4.6
2024,Oppo,Oppo Reno 5,3088,1652080.00,USA,4.2
2024,Oppo,Oppo Reno 5,3338,2009476.00,Europe,4.7
2024,Oppo,Oppo Reno 5,2974,1605960.00,Asia,4.5
2024,Oppo,Oppo Reno 7,2842,1227744.00,India,3.7
2024,Oppo,Oppo Reno 7,4869,2692557.00,USA,4.4
2024,Oppo,Oppo Reno 7,2445,1432770.00,Europe,3.6
2024,Oppo,Oppo Reno 7,5792,2554272.00,Asia,4.4
2024,Oppo,Oppo Reno 8,7697,3571408.00,India,3.6
2024,Oppo,Oppo Reno 8,9646,4929106.00,USA,4.3
2024,Oppo,Oppo Reno 8,7913,5167189.00,Europe,4.6
2024,Oppo,Oppo Reno 8,8182,3485532.00,Asia,4.1
2024,Oppo,Oppo Reno 10,9295,5409690.00,India,3.5
2024,Oppo,Oppo Reno 10,9171,6593949.00,USA,4.1
2024,Oppo,Oppo Reno 10,12412,7484436.00,Europe,3.6
2024,Oppo,Oppo Reno 10,13286,6842290.00,Asia,4.3
